<?xml version="1.0" encoding="UTF-8"?>
<project-private xmlns="http://www.netbeans.org/ns/project-private/1">
    <editor-bookmarks xmlns="http://www.netbeans.org/ns/editor-bookmarks/2" lastBookmarkId="0"/>
    <open-files xmlns="http://www.netbeans.org/ns/projectui-open-files/2">
        <group>
            <file>file:/Users/rames10194/Desktop/School/IB/Compsci/HL/IA/Crit%20C/homepage.php</file>
            <file>file:/Users/rames10194/Desktop/School/IB/Compsci/HL/IA/Crit%20C/adminPage.php</file>
            <file>file:/Users/rames10194/Desktop/School/IB/Compsci/HL/IA/Crit%20C/index.php</file>
        </group>
    </open-files>
</project-private>
